-- Deterministic local development data. This file never creates authentication users.

insert into public.organisations (id, name, slug, timezone, active)
values (
  '00000000-0000-4000-8000-000000000001',
  'Instant Roster Demo',
  'instant-roster-demo',
  'Australia/Brisbane',
  true
);

insert into public.sites (
  id,
  organisation_id,
  name,
  location,
  timezone,
  active,
  notes
)
values (
  '01000000-0000-4000-8000-000000000001',
  '00000000-0000-4000-8000-000000000001',
  'Brisbane Operations Centre',
  'Brisbane, Queensland',
  'Australia/Brisbane',
  true,
  'Primary local development site.'
);

insert into public.employees (
  id,
  organisation_id,
  employee_code,
  full_name,
  employment_type,
  default_target_hours,
  default_minimum_desired_hours,
  default_maximum_desired_hours,
  default_maximum_allowed_hours,
  default_overtime_preference
)
values
  ('10000000-0000-4000-8000-000000000001', '00000000-0000-4000-8000-000000000001', 'EMP-001', 'Alice Nguyen', 'full_time', 38, 32, 40, 45, 'likes_overtime'),
  ('10000000-0000-4000-8000-000000000002', '00000000-0000-4000-8000-000000000001', 'EMP-002', 'Ben Carter', 'full_time', 38, 32, 42, 48, 'neutral'),
  ('10000000-0000-4000-8000-000000000003', '00000000-0000-4000-8000-000000000001', 'EMP-003', 'Carla Mendes', 'part_time', 30, 24, 36, 40, 'avoid_overtime'),
  ('10000000-0000-4000-8000-000000000004', '00000000-0000-4000-8000-000000000001', 'EMP-004', 'Dylan Brooks', 'casual', 24, 16, 32, 38, 'likes_overtime'),
  ('10000000-0000-4000-8000-000000000005', '00000000-0000-4000-8000-000000000001', 'EMP-005', 'Eva Singh', 'part_time', 28, 20, 34, 38, 'neutral'),
  ('10000000-0000-4000-8000-000000000006', '00000000-0000-4000-8000-000000000001', 'EMP-006', 'Finn Wilson', 'casual', 20, 12, 28, 32, 'avoid_overtime'),
  ('10000000-0000-4000-8000-000000000007', '00000000-0000-4000-8000-000000000001', 'EMP-007', 'Grace Kim', 'full_time', 38, 32, 40, 44, 'not_allowed'),
  ('10000000-0000-4000-8000-000000000008', '00000000-0000-4000-8000-000000000001', 'EMP-008', 'Hugo Martin', 'contractor', 32, 24, 40, 48, 'likes_overtime'),
  ('10000000-0000-4000-8000-000000000009', '00000000-0000-4000-8000-000000000001', 'EMP-009', 'Ivy Thompson', 'part_time', 24, 18, 30, 36, 'neutral'),
  ('10000000-0000-4000-8000-000000000010', '00000000-0000-4000-8000-000000000001', 'EMP-010', 'Jack Robinson', 'casual', 20, 12, 30, 36, 'avoid_overtime');

insert into public.skills (id, organisation_id, name, description)
values
  ('20000000-0000-4000-8000-000000000001', '00000000-0000-4000-8000-000000000001', 'Supervisor', 'Qualified to supervise a shift.'),
  ('20000000-0000-4000-8000-000000000002', '00000000-0000-4000-8000-000000000001', 'General Staff', 'Qualified for general shift coverage.'),
  ('20000000-0000-4000-8000-000000000003', '00000000-0000-4000-8000-000000000001', 'First Aid', 'Current workplace first aid qualification.');

insert into public.employee_skills (
  id,
  organisation_id,
  employee_id,
  skill_id,
  verified,
  valid_from
)
values
  ('21000000-0000-4000-8000-000000000001', '00000000-0000-4000-8000-000000000001', '10000000-0000-4000-8000-000000000001', '20000000-0000-4000-8000-000000000001', true, '2026-01-01'),
  ('21000000-0000-4000-8000-000000000002', '00000000-0000-4000-8000-000000000001', '10000000-0000-4000-8000-000000000002', '20000000-0000-4000-8000-000000000001', true, '2026-01-01'),
  ('21000000-0000-4000-8000-000000000003', '00000000-0000-4000-8000-000000000001', '10000000-0000-4000-8000-000000000001', '20000000-0000-4000-8000-000000000003', true, '2026-01-01'),
  ('21000000-0000-4000-8000-000000000004', '00000000-0000-4000-8000-000000000001', '10000000-0000-4000-8000-000000000003', '20000000-0000-4000-8000-000000000003', true, '2026-01-01'),
  ('21000000-0000-4000-8000-000000000005', '00000000-0000-4000-8000-000000000001', '10000000-0000-4000-8000-000000000007', '20000000-0000-4000-8000-000000000003', true, '2026-01-01'),
  ('22000000-0000-4000-8000-000000000001', '00000000-0000-4000-8000-000000000001', '10000000-0000-4000-8000-000000000001', '20000000-0000-4000-8000-000000000002', true, '2026-01-01'),
  ('22000000-0000-4000-8000-000000000002', '00000000-0000-4000-8000-000000000001', '10000000-0000-4000-8000-000000000002', '20000000-0000-4000-8000-000000000002', true, '2026-01-01'),
  ('22000000-0000-4000-8000-000000000003', '00000000-0000-4000-8000-000000000001', '10000000-0000-4000-8000-000000000003', '20000000-0000-4000-8000-000000000002', true, '2026-01-01'),
  ('22000000-0000-4000-8000-000000000004', '00000000-0000-4000-8000-000000000001', '10000000-0000-4000-8000-000000000004', '20000000-0000-4000-8000-000000000002', true, '2026-01-01'),
  ('22000000-0000-4000-8000-000000000005', '00000000-0000-4000-8000-000000000001', '10000000-0000-4000-8000-000000000005', '20000000-0000-4000-8000-000000000002', true, '2026-01-01'),
  ('22000000-0000-4000-8000-000000000006', '00000000-0000-4000-8000-000000000001', '10000000-0000-4000-8000-000000000006', '20000000-0000-4000-8000-000000000002', true, '2026-01-01'),
  ('22000000-0000-4000-8000-000000000007', '00000000-0000-4000-8000-000000000001', '10000000-0000-4000-8000-000000000007', '20000000-0000-4000-8000-000000000002', true, '2026-01-01'),
  ('22000000-0000-4000-8000-000000000008', '00000000-0000-4000-8000-000000000001', '10000000-0000-4000-8000-000000000008', '20000000-0000-4000-8000-000000000002', true, '2026-01-01'),
  ('22000000-0000-4000-8000-000000000009', '00000000-0000-4000-8000-000000000001', '10000000-0000-4000-8000-000000000009', '20000000-0000-4000-8000-000000000002', true, '2026-01-01'),
  ('22000000-0000-4000-8000-000000000010', '00000000-0000-4000-8000-000000000001', '10000000-0000-4000-8000-000000000010', '20000000-0000-4000-8000-000000000002', true, '2026-01-01');

insert into public.shift_templates (
  id,
  organisation_id,
  site_id,
  name,
  start_time,
  end_time,
  duration_minutes,
  spans_next_day,
  is_unsocial
)
values
  ('30000000-0000-4000-8000-000000000001', '00000000-0000-4000-8000-000000000001', '01000000-0000-4000-8000-000000000001', 'Morning', '06:00', '14:00', 480, false, false),
  ('30000000-0000-4000-8000-000000000002', '00000000-0000-4000-8000-000000000001', '01000000-0000-4000-8000-000000000001', 'Afternoon', '14:00', '22:00', 480, false, false),
  ('30000000-0000-4000-8000-000000000003', '00000000-0000-4000-8000-000000000001', '01000000-0000-4000-8000-000000000001', 'Night', '22:00', '06:00', 480, true, true);

insert into public.roster_periods (
  id,
  organisation_id,
  name,
  start_date,
  end_date,
  status
)
values (
  '40000000-0000-4000-8000-000000000001',
  '00000000-0000-4000-8000-000000000001',
  '20–26 July 2026',
  '2026-07-20',
  '2026-07-26',
  'draft'
);

insert into public.employee_roster_goals (
  id,
  organisation_id,
  roster_period_id,
  employee_id,
  target_hours,
  minimum_desired_hours,
  maximum_desired_hours,
  maximum_allowed_hours,
  overtime_preference
)
values
  ('50000000-0000-4000-8000-000000000001', '00000000-0000-4000-8000-000000000001', '40000000-0000-4000-8000-000000000001', '10000000-0000-4000-8000-000000000001', 38, 32, 40, 45, 'likes_overtime'),
  ('50000000-0000-4000-8000-000000000002', '00000000-0000-4000-8000-000000000001', '40000000-0000-4000-8000-000000000001', '10000000-0000-4000-8000-000000000002', 38, 32, 42, 48, 'neutral'),
  ('50000000-0000-4000-8000-000000000003', '00000000-0000-4000-8000-000000000001', '40000000-0000-4000-8000-000000000001', '10000000-0000-4000-8000-000000000003', 30, 24, 36, 40, 'avoid_overtime'),
  ('50000000-0000-4000-8000-000000000004', '00000000-0000-4000-8000-000000000001', '40000000-0000-4000-8000-000000000001', '10000000-0000-4000-8000-000000000004', 24, 16, 32, 38, 'likes_overtime'),
  ('50000000-0000-4000-8000-000000000005', '00000000-0000-4000-8000-000000000001', '40000000-0000-4000-8000-000000000001', '10000000-0000-4000-8000-000000000005', 28, 20, 34, 38, 'neutral'),
  ('50000000-0000-4000-8000-000000000006', '00000000-0000-4000-8000-000000000001', '40000000-0000-4000-8000-000000000001', '10000000-0000-4000-8000-000000000006', 20, 12, 28, 32, 'avoid_overtime'),
  ('50000000-0000-4000-8000-000000000007', '00000000-0000-4000-8000-000000000001', '40000000-0000-4000-8000-000000000001', '10000000-0000-4000-8000-000000000007', 38, 32, 40, 44, 'not_allowed'),
  ('50000000-0000-4000-8000-000000000008', '00000000-0000-4000-8000-000000000001', '40000000-0000-4000-8000-000000000001', '10000000-0000-4000-8000-000000000008', 32, 24, 40, 48, 'likes_overtime'),
  ('50000000-0000-4000-8000-000000000009', '00000000-0000-4000-8000-000000000001', '40000000-0000-4000-8000-000000000001', '10000000-0000-4000-8000-000000000009', 24, 18, 30, 36, 'neutral'),
  ('50000000-0000-4000-8000-000000000010', '00000000-0000-4000-8000-000000000001', '40000000-0000-4000-8000-000000000001', '10000000-0000-4000-8000-000000000010', 20, 12, 30, 36, 'avoid_overtime');

insert into public.employee_availability_rules (
  id,
  organisation_id,
  employee_id,
  day_of_week,
  start_time,
  end_time,
  availability_type,
  preference_strength,
  effective_from,
  effective_to,
  notes
)
values
  ('70000000-0000-4000-8000-000000000001', '00000000-0000-4000-8000-000000000001', '10000000-0000-4000-8000-000000000001', 1, '06:00', '14:00', 'preferred', 3, '2026-07-01', null, 'Prefers Monday morning shifts.'),
  ('70000000-0000-4000-8000-000000000002', '00000000-0000-4000-8000-000000000001', '10000000-0000-4000-8000-000000000001', 2, '06:00', '14:00', 'preferred', 3, '2026-07-01', null, 'Prefers Tuesday morning shifts.'),
  ('70000000-0000-4000-8000-000000000003', '00000000-0000-4000-8000-000000000001', '10000000-0000-4000-8000-000000000002', 6, '06:00', '18:00', 'available', 1, '2026-07-01', null, 'Available Saturdays.'),
  ('70000000-0000-4000-8000-000000000004', '00000000-0000-4000-8000-000000000001', '10000000-0000-4000-8000-000000000003', 2, '14:00', '22:00', 'preferred', 2, '2026-07-01', null, 'Prefers Tuesday afternoons.'),
  ('70000000-0000-4000-8000-000000000005', '00000000-0000-4000-8000-000000000001', '10000000-0000-4000-8000-000000000004', 5, '14:00', '22:00', 'available', 1, '2026-07-01', null, 'Available Friday afternoons.'),
  ('70000000-0000-4000-8000-000000000006', '00000000-0000-4000-8000-000000000001', '10000000-0000-4000-8000-000000000005', 3, '06:00', '14:00', 'not_preferred', 2, '2026-07-01', null, 'Would rather avoid Wednesday mornings.'),
  ('70000000-0000-4000-8000-000000000007', '00000000-0000-4000-8000-000000000001', '10000000-0000-4000-8000-000000000006', 0, null, null, 'unavailable', 3, '2026-07-01', null, 'Unavailable Sundays.'),
  ('70000000-0000-4000-8000-000000000008', '00000000-0000-4000-8000-000000000001', '10000000-0000-4000-8000-000000000007', 4, '06:00', '14:00', 'preferred', 2, '2026-07-01', null, 'Prefers Thursday mornings.'),
  ('70000000-0000-4000-8000-000000000009', '00000000-0000-4000-8000-000000000001', '10000000-0000-4000-8000-000000000008', 5, '22:00', '06:00', 'preferred', 3, '2026-07-01', null, 'Prefers Friday night shifts.'),
  ('70000000-0000-4000-8000-000000000010', '00000000-0000-4000-8000-000000000001', '10000000-0000-4000-8000-000000000009', 6, '06:00', '14:00', 'not_preferred', 2, '2026-07-01', null, 'Would rather avoid Saturday mornings.');

insert into public.employee_availability_exceptions (
  id,
  organisation_id,
  employee_id,
  work_date,
  start_time,
  end_time,
  availability_type,
  preference_strength,
  notes
)
values
  ('80000000-0000-4000-8000-000000000001', '00000000-0000-4000-8000-000000000001', '10000000-0000-4000-8000-000000000001', '2026-07-22', null, null, 'unavailable', 3, 'Unavailable for the full day.'),
  ('80000000-0000-4000-8000-000000000002', '00000000-0000-4000-8000-000000000001', '10000000-0000-4000-8000-000000000004', '2026-07-25', '14:00', '22:00', 'preferred', 3, 'Strong preference for this afternoon shift.');

insert into public.employee_preferences (
  id,
  organisation_id,
  employee_id,
  preference_type,
  day_of_week,
  shift_template_id,
  preference_weight,
  notes
)
values
  ('90000000-0000-4000-8000-000000000001', '00000000-0000-4000-8000-000000000001', '10000000-0000-4000-8000-000000000001', 'prefers_morning', null, '30000000-0000-4000-8000-000000000001', 9, 'Strong morning preference.'),
  ('90000000-0000-4000-8000-000000000002', '00000000-0000-4000-8000-000000000001', '10000000-0000-4000-8000-000000000002', 'prefers_weekends', 6, null, 7, 'Prefers Saturday work.'),
  ('90000000-0000-4000-8000-000000000003', '00000000-0000-4000-8000-000000000001', '10000000-0000-4000-8000-000000000003', 'prefers_afternoon', null, '30000000-0000-4000-8000-000000000002', 8, 'Strong afternoon preference.'),
  ('90000000-0000-4000-8000-000000000004', '00000000-0000-4000-8000-000000000001', '10000000-0000-4000-8000-000000000004', 'avoid_morning', null, '30000000-0000-4000-8000-000000000001', 6, 'Avoid early starts when practical.'),
  ('90000000-0000-4000-8000-000000000005', '00000000-0000-4000-8000-000000000001', '10000000-0000-4000-8000-000000000005', 'prefers_consecutive_days', null, null, 7, 'Prefers grouped working days.'),
  ('90000000-0000-4000-8000-000000000006', '00000000-0000-4000-8000-000000000001', '10000000-0000-4000-8000-000000000006', 'avoid_weekends', 0, null, 8, 'Strong preference to avoid Sunday work.'),
  ('90000000-0000-4000-8000-000000000007', '00000000-0000-4000-8000-000000000001', '10000000-0000-4000-8000-000000000007', 'avoid_night', null, '30000000-0000-4000-8000-000000000003', 10, 'Does not prefer night shifts.'),
  ('90000000-0000-4000-8000-000000000008', '00000000-0000-4000-8000-000000000001', '10000000-0000-4000-8000-000000000008', 'prefers_night', null, '30000000-0000-4000-8000-000000000003', 9, 'Strong night-shift preference.'),
  ('90000000-0000-4000-8000-000000000009', '00000000-0000-4000-8000-000000000001', '10000000-0000-4000-8000-000000000009', 'avoid_consecutive_days', null, null, 5, 'Prefers breaks between work days.'),
  ('90000000-0000-4000-8000-000000000010', '00000000-0000-4000-8000-000000000001', '10000000-0000-4000-8000-000000000010', 'prefers_afternoon', null, '30000000-0000-4000-8000-000000000002', 7, 'Prefers afternoon shifts.');

insert into public.shift_requirements (
  id,
  organisation_id,
  roster_period_id,
  site_id,
  shift_template_id,
  work_date,
  required_people,
  priority
)
values
  ('a0000000-0000-4000-8000-000000000001', '00000000-0000-4000-8000-000000000001', '40000000-0000-4000-8000-000000000001', '01000000-0000-4000-8000-000000000001', '30000000-0000-4000-8000-000000000001', '2026-07-20', 4, 'high'),
  ('a0000000-0000-4000-8000-000000000002', '00000000-0000-4000-8000-000000000001', '40000000-0000-4000-8000-000000000001', '01000000-0000-4000-8000-000000000001', '30000000-0000-4000-8000-000000000001', '2026-07-21', 4, 'high'),
  ('a0000000-0000-4000-8000-000000000003', '00000000-0000-4000-8000-000000000001', '40000000-0000-4000-8000-000000000001', '01000000-0000-4000-8000-000000000001', '30000000-0000-4000-8000-000000000001', '2026-07-22', 4, 'high'),
  ('a0000000-0000-4000-8000-000000000004', '00000000-0000-4000-8000-000000000001', '40000000-0000-4000-8000-000000000001', '01000000-0000-4000-8000-000000000001', '30000000-0000-4000-8000-000000000001', '2026-07-23', 4, 'high'),
  ('a0000000-0000-4000-8000-000000000005', '00000000-0000-4000-8000-000000000001', '40000000-0000-4000-8000-000000000001', '01000000-0000-4000-8000-000000000001', '30000000-0000-4000-8000-000000000001', '2026-07-24', 4, 'high'),
  ('a0000000-0000-4000-8000-000000000006', '00000000-0000-4000-8000-000000000001', '40000000-0000-4000-8000-000000000001', '01000000-0000-4000-8000-000000000001', '30000000-0000-4000-8000-000000000001', '2026-07-25', 4, 'high'),
  ('a0000000-0000-4000-8000-000000000007', '00000000-0000-4000-8000-000000000001', '40000000-0000-4000-8000-000000000001', '01000000-0000-4000-8000-000000000001', '30000000-0000-4000-8000-000000000001', '2026-07-26', 4, 'high'),
  ('a1000000-0000-4000-8000-000000000001', '00000000-0000-4000-8000-000000000001', '40000000-0000-4000-8000-000000000001', '01000000-0000-4000-8000-000000000001', '30000000-0000-4000-8000-000000000002', '2026-07-20', 3, 'normal'),
  ('a1000000-0000-4000-8000-000000000002', '00000000-0000-4000-8000-000000000001', '40000000-0000-4000-8000-000000000001', '01000000-0000-4000-8000-000000000001', '30000000-0000-4000-8000-000000000002', '2026-07-21', 3, 'normal'),
  ('a1000000-0000-4000-8000-000000000003', '00000000-0000-4000-8000-000000000001', '40000000-0000-4000-8000-000000000001', '01000000-0000-4000-8000-000000000001', '30000000-0000-4000-8000-000000000002', '2026-07-22', 3, 'normal'),
  ('a1000000-0000-4000-8000-000000000004', '00000000-0000-4000-8000-000000000001', '40000000-0000-4000-8000-000000000001', '01000000-0000-4000-8000-000000000001', '30000000-0000-4000-8000-000000000002', '2026-07-23', 3, 'normal'),
  ('a1000000-0000-4000-8000-000000000005', '00000000-0000-4000-8000-000000000001', '40000000-0000-4000-8000-000000000001', '01000000-0000-4000-8000-000000000001', '30000000-0000-4000-8000-000000000002', '2026-07-24', 3, 'normal'),
  ('a1000000-0000-4000-8000-000000000006', '00000000-0000-4000-8000-000000000001', '40000000-0000-4000-8000-000000000001', '01000000-0000-4000-8000-000000000001', '30000000-0000-4000-8000-000000000002', '2026-07-25', 3, 'normal'),
  ('a1000000-0000-4000-8000-000000000007', '00000000-0000-4000-8000-000000000001', '40000000-0000-4000-8000-000000000001', '01000000-0000-4000-8000-000000000001', '30000000-0000-4000-8000-000000000002', '2026-07-26', 3, 'normal'),
  ('a2000000-0000-4000-8000-000000000001', '00000000-0000-4000-8000-000000000001', '40000000-0000-4000-8000-000000000001', '01000000-0000-4000-8000-000000000001', '30000000-0000-4000-8000-000000000003', '2026-07-20', 2, 'normal'),
  ('a2000000-0000-4000-8000-000000000002', '00000000-0000-4000-8000-000000000001', '40000000-0000-4000-8000-000000000001', '01000000-0000-4000-8000-000000000001', '30000000-0000-4000-8000-000000000003', '2026-07-21', 2, 'normal'),
  ('a2000000-0000-4000-8000-000000000003', '00000000-0000-4000-8000-000000000001', '40000000-0000-4000-8000-000000000001', '01000000-0000-4000-8000-000000000001', '30000000-0000-4000-8000-000000000003', '2026-07-22', 2, 'normal'),
  ('a2000000-0000-4000-8000-000000000004', '00000000-0000-4000-8000-000000000001', '40000000-0000-4000-8000-000000000001', '01000000-0000-4000-8000-000000000001', '30000000-0000-4000-8000-000000000003', '2026-07-23', 2, 'normal'),
  ('a2000000-0000-4000-8000-000000000005', '00000000-0000-4000-8000-000000000001', '40000000-0000-4000-8000-000000000001', '01000000-0000-4000-8000-000000000001', '30000000-0000-4000-8000-000000000003', '2026-07-24', 2, 'normal'),
  ('a2000000-0000-4000-8000-000000000006', '00000000-0000-4000-8000-000000000001', '40000000-0000-4000-8000-000000000001', '01000000-0000-4000-8000-000000000001', '30000000-0000-4000-8000-000000000003', '2026-07-25', 2, 'normal'),
  ('a2000000-0000-4000-8000-000000000007', '00000000-0000-4000-8000-000000000001', '40000000-0000-4000-8000-000000000001', '01000000-0000-4000-8000-000000000001', '30000000-0000-4000-8000-000000000003', '2026-07-26', 2, 'normal');

insert into public.shift_skill_requirements (
  id,
  organisation_id,
  shift_requirement_id,
  skill_id,
  required_count
)
values
  ('b0000000-0000-4000-8000-000000000001', '00000000-0000-4000-8000-000000000001', 'a0000000-0000-4000-8000-000000000001', '20000000-0000-4000-8000-000000000001', 1),
  ('b0000000-0000-4000-8000-000000000002', '00000000-0000-4000-8000-000000000001', 'a0000000-0000-4000-8000-000000000002', '20000000-0000-4000-8000-000000000001', 1),
  ('b0000000-0000-4000-8000-000000000003', '00000000-0000-4000-8000-000000000001', 'a0000000-0000-4000-8000-000000000003', '20000000-0000-4000-8000-000000000001', 1),
  ('b0000000-0000-4000-8000-000000000004', '00000000-0000-4000-8000-000000000001', 'a0000000-0000-4000-8000-000000000004', '20000000-0000-4000-8000-000000000001', 1),
  ('b0000000-0000-4000-8000-000000000005', '00000000-0000-4000-8000-000000000001', 'a0000000-0000-4000-8000-000000000005', '20000000-0000-4000-8000-000000000001', 1),
  ('b0000000-0000-4000-8000-000000000006', '00000000-0000-4000-8000-000000000001', 'a0000000-0000-4000-8000-000000000006', '20000000-0000-4000-8000-000000000001', 1),
  ('b0000000-0000-4000-8000-000000000007', '00000000-0000-4000-8000-000000000001', 'a0000000-0000-4000-8000-000000000007', '20000000-0000-4000-8000-000000000001', 1);
